{
    "extrinsic": {
        "baseline": 0.222403, 
        "pitch": 0.05, 
        "roll": 0.0, 
        "x": 1.7, 
        "y": -0.1, 
        "yaw": -0.0165, 
        "z": 1.2
    }, 
    "intrinsic": {
        "fx": 2286.88, 
        "fy": 2304.5071753845164, 
        "u0": 1100.07, 
        "v0": 541.371
    }
}