{
    "extrinsic": {
        "baseline": 0.21171, 
        "pitch": 0.047, 
        "roll": 0.0, 
        "x": 1.7, 
        "y": -0.1, 
        "yaw": -0.0165, 
        "z": 1.2
    }, 
    "intrinsic": {
        "fx": 2286.59, 
        "fy": 2300.9085539311136, 
        "u0": 1106.65, 
        "v0": 525.827
    }
}