{
    "extrinsic": {
        "baseline": 0.212191, 
        "pitch": 0.044, 
        "roll": 0.0, 
        "x": 1.7, 
        "y": -0.1, 
        "yaw": -0.0165, 
        "z": 1.2
    }, 
    "intrinsic": {
        "fx": 2278.13, 
        "fy": 2289.614707372179, 
        "u0": 1101.65, 
        "v0": 537.305
    }
}