{
    "extrinsic": {
        "baseline": 0.222603, 
        "pitch": 0.067, 
        "roll": 0.0, 
        "x": 1.7, 
        "y": -0.1, 
        "yaw": -0.015, 
        "z": 1.2
    }, 
    "intrinsic": {
        "fx": 2269.15, 
        "fy": 2227.167885360946, 
        "u0": 1048.59, 
        "v0": 518.61
    }
}