{
    "extrinsic": {
        "baseline": 0.222384, 
        "pitch": 0.055, 
        "roll": 0.0, 
        "x": 1.7, 
        "y": -0.1, 
        "yaw": 0.0057, 
        "z": 1.3
    }, 
    "intrinsic": {
        "fx": 2273.82, 
        "fy": 2236.9989965173254, 
        "u0": 1047.62, 
        "v0": 527.543
    }
}