{
    "extrinsic": {
        "baseline": 0.21231, 
        "pitch": 0.043, 
        "roll": 0.0, 
        "x": 1.7, 
        "y": -0.1, 
        "yaw": -0.017, 
        "z": 1.2
    }, 
    "intrinsic": {
        "fx": 2277.49, 
        "fy": 2290.8848034457474, 
        "u0": 1099.37, 
        "v0": 532.844
    }
}