{
    "extrinsic": {
        "baseline": 0.222575, 
        "pitch": 0.068, 
        "roll": 0.0, 
        "x": 1.7, 
        "y": -0.1, 
        "yaw": 0.01, 
        "z": 1.2
    }, 
    "intrinsic": {
        "fx": 2264.01, 
        "fy": 2221.795878312071, 
        "u0": 1046.11, 
        "v0": 516.299
    }
}