{
    "extrinsic": {
        "baseline": 0.212074, 
        "pitch": 0.0415, 
        "roll": 0.0, 
        "x": 1.7, 
        "y": -0.1, 
        "yaw": -0.0175, 
        "z": 1.2
    }, 
    "intrinsic": {
        "fx": 2285.32, 
        "fy": 2300.139800736143, 
        "u0": 1103.51, 
        "v0": 537.189
    }
}